<?xml version="1.0" standalone="yes"?>
<Recordset>
  <xs:schema id="Recordset" xmlns="" xmlns:xs="http://www.w3.org/2001/XMLSchema" xmlns:msdata="urn:schemas-microsoft-com:xml-msdata">
    <xs:element name="Recordset" msdata:IsDataSet="true" msdata:MainDataTable="DTLABELS" msdata:UseCurrentLocale="true">
      <xs:complexType>
        <xs:choice minOccurs="0" maxOccurs="unbounded">
          <xs:element name="DTLABELS">
            <xs:complexType>
              <xs:sequence>
                <xs:element name="LID" type="xs:int" minOccurs="0" />
                <xs:element name="TXID" type="xs:int" minOccurs="0" />
                <xs:element name="ORDERNO" type="xs:decimal" minOccurs="0" />
                <xs:element name="LABEL" type="xs:string" minOccurs="0" />
                <xs:element name="CONTROLTYPE" type="xs:int" minOccurs="0" />
                <xs:element name="FIELDLENGTH" type="xs:int" minOccurs="0" />
                <xs:element name="DEFAULTTEXT" type="xs:string" minOccurs="0" />
              </xs:sequence>
            </xs:complexType>
          </xs:element>
        </xs:choice>
      </xs:complexType>
    </xs:element>
  </xs:schema>
  <DTLABELS>
    <LID>34</LID>
    <TXID>2</TXID>
    <ORDERNO>4</ORDERNO>
    <LABEL>Res. Pressure</LABEL>
    <CONTROLTYPE>16</CONTROLTYPE>
    <FIELDLENGTH>30</FIELDLENGTH>
    <DEFAULTTEXT />
  </DTLABELS>
  <DTLABELS>
    <LID>35</LID>
    <TXID>2</TXID>
    <ORDERNO>5</ORDERNO>
    <LABEL>Tank Level</LABEL>
    <CONTROLTYPE>16</CONTROLTYPE>
    <FIELDLENGTH>30</FIELDLENGTH>
    <DEFAULTTEXT />
  </DTLABELS>
  <DTLABELS>
    <LID>36</LID>
    <TXID>2</TXID>
    <ORDERNO>6</ORDERNO>
    <LABEL>Lubricant Usage</LABEL>
    <CONTROLTYPE>16</CONTROLTYPE>
    <FIELDLENGTH>30</FIELDLENGTH>
    <DEFAULTTEXT />
  </DTLABELS>
  <DTLABELS>
    <LID>37</LID>
    <TXID>2</TXID>
    <ORDERNO>7</ORDERNO>
    <LABEL>Chain/Trolley Apperance</LABEL>
    <CONTROLTYPE>16</CONTROLTYPE>
    <FIELDLENGTH>30</FIELDLENGTH>
    <DEFAULTTEXT />
  </DTLABELS>
  <DTLABELS>
    <LID>8</LID>
    <TXID>2</TXID>
    <ORDERNO>3</ORDERNO>
    <LABEL>Customer</LABEL>
    <CONTROLTYPE>16</CONTROLTYPE>
    <FIELDLENGTH>30</FIELDLENGTH>
    <DEFAULTTEXT />
  </DTLABELS>
  <DTLABELS>
    <LID>7</LID>
    <TXID>2</TXID>
    <ORDERNO>2</ORDERNO>
    <LABEL>Work Order No (if applicable)</LABEL>
    <CONTROLTYPE>16</CONTROLTYPE>
    <FIELDLENGTH>11</FIELDLENGTH>
    <DEFAULTTEXT />
  </DTLABELS>
  <DTLABELS>
    <LID>6</LID>
    <TXID>2</TXID>
    <ORDERNO>1</ORDERNO>
    <LABEL>Serial Number *required</LABEL>
    <CONTROLTYPE>16</CONTROLTYPE>
    <FIELDLENGTH>30</FIELDLENGTH>
    <DEFAULTTEXT />
  </DTLABELS>
  <DTLABELS>
    <LID>39</LID>
    <TXID>2</TXID>
    <ORDERNO>13</ORDERNO>
    <LABEL>Clean Off System</LABEL>
    <CONTROLTYPE>2</CONTROLTYPE>
    <FIELDLENGTH>0</FIELDLENGTH>
    <DEFAULTTEXT>Unchecked</DEFAULTTEXT>
  </DTLABELS>
  <DTLABELS>
    <LID>40</LID>
    <TXID>2</TXID>
    <ORDERNO>14</ORDERNO>
    <LABEL>Position Eject Tubes</LABEL>
    <CONTROLTYPE>2</CONTROLTYPE>
    <FIELDLENGTH>0</FIELDLENGTH>
    <DEFAULTTEXT>Unchecked</DEFAULTTEXT>
  </DTLABELS>
  <DTLABELS>
    <LID>41</LID>
    <TXID>2</TXID>
    <ORDERNO>15</ORDERNO>
    <LABEL>System Working</LABEL>
    <CONTROLTYPE>2</CONTROLTYPE>
    <FIELDLENGTH>0</FIELDLENGTH>
    <DEFAULTTEXT>Unchecked</DEFAULTTEXT>
  </DTLABELS>
  <DTLABELS>
    <LID>42</LID>
    <TXID>2</TXID>
    <ORDERNO>8</ORDERNO>
    <LABEL>Customer Email</LABEL>
    <CONTROLTYPE>16</CONTROLTYPE>
    <FIELDLENGTH>30</FIELDLENGTH>
    <DEFAULTTEXT />
  </DTLABELS>
  <DTLABELS>
    <LID>43</LID>
    <TXID>2</TXID>
    <ORDERNO>9</ORDERNO>
    <LABEL>Note</LABEL>
    <CONTROLTYPE>16</CONTROLTYPE>
    <FIELDLENGTH>30</FIELDLENGTH>
    <DEFAULTTEXT />
  </DTLABELS>
  <DTLABELS>
    <LID>44</LID>
    <TXID>2</TXID>
    <ORDERNO>10</ORDERNO>
    <LABEL>Additional Notes</LABEL>
    <CONTROLTYPE>16</CONTROLTYPE>
    <FIELDLENGTH>30</FIELDLENGTH>
    <DEFAULTTEXT />
  </DTLABELS>
  <DTLABELS>
    <LID>45</LID>
    <TXID>2</TXID>
    <ORDERNO>11</ORDERNO>
    <LABEL>Additional Notes</LABEL>
    <CONTROLTYPE>16</CONTROLTYPE>
    <FIELDLENGTH>30</FIELDLENGTH>
    <DEFAULTTEXT />
  </DTLABELS>
  <DTLABELS>
    <LID>46</LID>
    <TXID>2</TXID>
    <ORDERNO>12</ORDERNO>
    <LABEL>Additional Notes</LABEL>
    <CONTROLTYPE>16</CONTROLTYPE>
    <FIELDLENGTH>30</FIELDLENGTH>
    <DEFAULTTEXT />
  </DTLABELS>
</Recordset>