<?xml version="1.0" standalone="yes"?>
<Recordset>
  <xs:schema id="Recordset" xmlns="" xmlns:xs="http://www.w3.org/2001/XMLSchema" xmlns:msdata="urn:schemas-microsoft-com:xml-msdata">
    <xs:element name="Recordset" msdata:IsDataSet="true" msdata:MainDataTable="DTLABELS" msdata:UseCurrentLocale="true">
      <xs:complexType>
        <xs:choice minOccurs="0" maxOccurs="unbounded">
          <xs:element name="DTLABELS">
            <xs:complexType>
              <xs:sequence>
                <xs:element name="LID" type="xs:int" minOccurs="0" />
                <xs:element name="TXID" type="xs:int" minOccurs="0" />
                <xs:element name="ORDERNO" type="xs:decimal" minOccurs="0" />
                <xs:element name="LABEL" type="xs:string" minOccurs="0" />
                <xs:element name="CONTROLTYPE" type="xs:int" minOccurs="0" />
                <xs:element name="FIELDLENGTH" type="xs:int" minOccurs="0" />
                <xs:element name="DEFAULTTEXT" type="xs:string" minOccurs="0" />
              </xs:sequence>
            </xs:complexType>
          </xs:element>
        </xs:choice>
      </xs:complexType>
    </xs:element>
  </xs:schema>
  <DTLABELS>
    <LID>30</LID>
    <TXID>3</TXID>
    <ORDERNO>17</ORDERNO>
    <LABEL>C4 Output 4 (Off Cycles)</LABEL>
    <CONTROLTYPE>16</CONTROLTYPE>
    <FIELDLENGTH>30</FIELDLENGTH>
    <DEFAULTTEXT />
  </DTLABELS>
  <DTLABELS>
    <LID>29</LID>
    <TXID>3</TXID>
    <ORDERNO>16</ORDERNO>
    <LABEL>N4 Input 4 (Aux 2 Number)</LABEL>
    <CONTROLTYPE>16</CONTROLTYPE>
    <FIELDLENGTH>30</FIELDLENGTH>
    <DEFAULTTEXT />
  </DTLABELS>
  <DTLABELS>
    <LID>28</LID>
    <TXID>3</TXID>
    <ORDERNO>15</ORDERNO>
    <LABEL>D3 Input 3 (Switch Delay)</LABEL>
    <CONTROLTYPE>16</CONTROLTYPE>
    <FIELDLENGTH>30</FIELDLENGTH>
    <DEFAULTTEXT />
  </DTLABELS>
  <DTLABELS>
    <LID>27</LID>
    <TXID>3</TXID>
    <ORDERNO>14</ORDERNO>
    <LABEL>T3 Output 3 (Lube Time)</LABEL>
    <CONTROLTYPE>16</CONTROLTYPE>
    <FIELDLENGTH>30</FIELDLENGTH>
    <DEFAULTTEXT />
  </DTLABELS>
  <DTLABELS>
    <LID>26</LID>
    <TXID>3</TXID>
    <ORDERNO>13</ORDERNO>
    <LABEL>C3 Output (Off Cycles)</LABEL>
    <CONTROLTYPE>16</CONTROLTYPE>
    <FIELDLENGTH>30</FIELDLENGTH>
    <DEFAULTTEXT />
  </DTLABELS>
  <DTLABELS>
    <LID>25</LID>
    <TXID>3</TXID>
    <ORDERNO>12</ORDERNO>
    <LABEL>N3 Input 3 (Aux 1 Number)</LABEL>
    <CONTROLTYPE>16</CONTROLTYPE>
    <FIELDLENGTH>30</FIELDLENGTH>
    <DEFAULTTEXT />
  </DTLABELS>
  <DTLABELS>
    <LID>24</LID>
    <TXID>3</TXID>
    <ORDERNO>11</ORDERNO>
    <LABEL>TC (Cate Drive Lube Time)</LABEL>
    <CONTROLTYPE>16</CONTROLTYPE>
    <FIELDLENGTH>30</FIELDLENGTH>
    <DEFAULTTEXT />
  </DTLABELS>
  <DTLABELS>
    <LID>23</LID>
    <TXID>3</TXID>
    <ORDERNO>10</ORDERNO>
    <LABEL>CC (Cate Drive Off Cycles)</LABEL>
    <CONTROLTYPE>16</CONTROLTYPE>
    <FIELDLENGTH>30</FIELDLENGTH>
    <DEFAULTTEXT />
  </DTLABELS>
  <DTLABELS>
    <LID>22</LID>
    <TXID>3</TXID>
    <ORDERNO>9</ORDERNO>
    <LABEL>NC (Cat Drive Number)</LABEL>
    <CONTROLTYPE>16</CONTROLTYPE>
    <FIELDLENGTH>30</FIELDLENGTH>
    <DEFAULTTEXT />
  </DTLABELS>
  <DTLABELS>
    <LID>21</LID>
    <TXID>3</TXID>
    <ORDERNO>8</ORDERNO>
    <LABEL>D2 Input 2 (Switch Delay)</LABEL>
    <CONTROLTYPE>16</CONTROLTYPE>
    <FIELDLENGTH>30</FIELDLENGTH>
    <DEFAULTTEXT />
  </DTLABELS>
  <DTLABELS>
    <LID>20</LID>
    <TXID>3</TXID>
    <ORDERNO>7</ORDERNO>
    <LABEL>T2 Output 2 (Lube Time)</LABEL>
    <CONTROLTYPE>16</CONTROLTYPE>
    <FIELDLENGTH>30</FIELDLENGTH>
    <DEFAULTTEXT />
  </DTLABELS>
  <DTLABELS>
    <LID>19</LID>
    <TXID>3</TXID>
    <ORDERNO>6</ORDERNO>
    <LABEL>C2 Output 2 (Off Cycles)</LABEL>
    <CONTROLTYPE>16</CONTROLTYPE>
    <FIELDLENGTH>30</FIELDLENGTH>
    <DEFAULTTEXT />
  </DTLABELS>
  <DTLABELS>
    <LID>18</LID>
    <TXID>3</TXID>
    <ORDERNO>5</ORDERNO>
    <LABEL>N2 Inpurt 2 (Trolley Number)</LABEL>
    <CONTROLTYPE>16</CONTROLTYPE>
    <FIELDLENGTH>30</FIELDLENGTH>
    <DEFAULTTEXT />
  </DTLABELS>
  <DTLABELS>
    <LID>17</LID>
    <TXID>3</TXID>
    <ORDERNO>4</ORDERNO>
    <LABEL>D1 Input 1 (Switch Delay)</LABEL>
    <CONTROLTYPE>16</CONTROLTYPE>
    <FIELDLENGTH>30</FIELDLENGTH>
    <DEFAULTTEXT />
  </DTLABELS>
  <DTLABELS>
    <LID>16</LID>
    <TXID>3</TXID>
    <ORDERNO>3</ORDERNO>
    <LABEL>T1 Output 1 (Lube Time)</LABEL>
    <CONTROLTYPE>16</CONTROLTYPE>
    <FIELDLENGTH>30</FIELDLENGTH>
    <DEFAULTTEXT />
  </DTLABELS>
  <DTLABELS>
    <LID>15</LID>
    <TXID>3</TXID>
    <ORDERNO>2</ORDERNO>
    <LABEL>C1 Output 1 (Off Cycles)</LABEL>
    <CONTROLTYPE>16</CONTROLTYPE>
    <FIELDLENGTH>30</FIELDLENGTH>
    <DEFAULTTEXT />
  </DTLABELS>
  <DTLABELS>
    <LID>14</LID>
    <TXID>3</TXID>
    <ORDERNO>1</ORDERNO>
    <LABEL>N1 Input 1 (Link Number)</LABEL>
    <CONTROLTYPE>16</CONTROLTYPE>
    <FIELDLENGTH>30</FIELDLENGTH>
    <DEFAULTTEXT />
  </DTLABELS>
  <DTLABELS>
    <LID>31</LID>
    <TXID>3</TXID>
    <ORDERNO>18</ORDERNO>
    <LABEL>T4 Output 4 (Lube Time)</LABEL>
    <CONTROLTYPE>16</CONTROLTYPE>
    <FIELDLENGTH>30</FIELDLENGTH>
    <DEFAULTTEXT />
  </DTLABELS>
  <DTLABELS>
    <LID>32</LID>
    <TXID>3</TXID>
    <ORDERNO>19</ORDERNO>
    <LABEL>D4 Input 4 (Switch Delay)</LABEL>
    <CONTROLTYPE>16</CONTROLTYPE>
    <FIELDLENGTH>30</FIELDLENGTH>
    <DEFAULTTEXT />
  </DTLABELS>
  <DTLABELS>
    <LID>33</LID>
    <TXID>3</TXID>
    <ORDERNO>21</ORDERNO>
    <LABEL>COM ADDR (Station Address Number)</LABEL>
    <CONTROLTYPE>16</CONTROLTYPE>
    <FIELDLENGTH>30</FIELDLENGTH>
    <DEFAULTTEXT />
  </DTLABELS>
  <DTLABELS>
    <LID>47</LID>
    <TXID>3</TXID>
    <ORDERNO>20</ORDERNO>
    <LABEL>Chain Speed (Ft per min.)</LABEL>
    <CONTROLTYPE>16</CONTROLTYPE>
    <FIELDLENGTH>30</FIELDLENGTH>
    <DEFAULTTEXT />
  </DTLABELS>
</Recordset>